board_x_mm,board_y_mm,observations,detections,detection_rate,mean_sharpness,std_sharpness,mean_marker_size_px,std_marker_size_px,mean_distance_center_px,mean_camera_distance_mm,mean_pitch_deg,mean_yaw_deg,mean_roll_deg
519.25,104.5,95,95,100.0,8131.294147059966,967.9840973521589,15.753957748413086,0.09859657287597656,240.9939050058854,0.0,0.0,0.0,0.0
517.0,402.25,95,95,100.0,10053.842860420094,689.6471706286549,15.711999893188477,0.10776794701814651,255.22380985788166,0.0,0.0,0.0,0.0
541.5,104.5,95,69,72.63157894736842,5520.870270762438,3706.4365252427683,11.204698974207828,6.8803124168131795,188.47979415274833,0.0,0.0,0.0,0.0
563.0,104.25,95,79,83.15789473684211,4328.016911406231,1959.8403684689854,12.844462404753033,5.7819803547903925,231.54092373239914,0.0,0.0,0.0,0.0
565.0,37.5,95,85,89.47368421052632,2952.0984323188386,1146.6130881672675,13.571596065320467,4.661710057754804,284.2962195801472,0.0,0.0,0.0,0.0
518.5,148.5,95,95,100.0,7702.494056925849,1502.4147769436945,15.34787368774414,0.13069042563438416,218.6610794223838,0.0,0.0,0.0,0.0
563.5,82.5,95,93,97.89473684210526,7755.339880927576,2039.0094654737889,15.038777712771767,2.220529491598255,283.9798359568073,0.0,0.0,0.0,0.0
562.5,125.5,95,95,100.0,8052.228102647654,703.8617072174086,15.480794906616211,0.11348311603069305,267.86204323433105,0.0,0.0,0.0,0.0
608.5,59.5,95,95,100.0,4315.209908715876,730.0014560523805,15.435942649841309,0.14229437708854675,340.30678336932755,0.0,0.0,0.0,0.0
516.25,359.75,95,95,100.0,11110.19718063979,501.93083659448064,15.32481861114502,0.09884438663721085,229.73716985520755,0.0,0.0,0.0,0.0
559.75,402.75,95,50,52.63157894736842,3292.4155474149266,3254.366837087135,8.102598893015008,7.688332211226813,152.46204574198907,0.0,0.0,0.0,0.0
607.25,103.75,95,94,98.94736842105263,6612.82284257217,994.1713559135172,15.362574507060804,1.5855576628133958,314.4832038001663,0.0,0.0,0.0,0.0
585.0,104.0,95,95,100.0,5051.997063887747,275.83579720428736,15.515610694885254,9.5367431640625e-07,297.8607056998289,0.0,0.0,0.0,0.0
519.5,83.0,95,65,68.42105263157895,3943.312459061492,2824.7988495561617,10.23573802144904,6.957170835665386,173.91894759710672,0.0,0.0,0.0,0.0
586.25,59.75,95,94,98.94736842105263,4754.592322474073,619.4923993176933,15.247490912989566,1.5780472282327258,318.170788125854,0.0,0.0,0.0,0.0
564.0,60.0,95,95,100.0,4876.066392504879,161.6437563496514,15.51175594329834,0.051499199122190475,303.22332711477424,0.0,0.0,0.0,0.0
587.25,37.75,95,71,74.73684210526316,2908.5934224903485,1705.4464781671957,11.543354496202971,6.71300544989324,250.47409967337055,0.0,0.0,0.0,0.0
517.0,423.5,95,95,100.0,6573.868366045321,171.62801877442422,15.472016334533691,0.07732973992824554,269.2022446962772,0.0,0.0,0.0,0.0
517.0,254.5,95,95,100.0,6417.220530153509,156.1794414518491,15.479643821716309,0.08346258103847504,197.5329117571302,0.0,0.0,0.0,0.0
581.5,403.0,95,95,100.0,6893.85904130117,225.36758029057228,15.408416748046875,0.1172432228922844,308.19174838778446,0.0,0.0,0.0,0.0
497.5,105.0,95,95,100.0,8528.499817809876,2358.0673847674884,15.467791557312012,0.10520119965076447,222.94863401419468,0.0,0.0,0.0,0.0
606.75,125.5,95,94,98.94736842105263,5860.341626810411,649.6920773159214,15.334485023900083,1.5863356084991844,305.352071816588,0.0,0.0,0.0,0.0
561.5,169.25,95,95,100.0,10495.131763849608,2329.3567218612707,15.256221771240234,0.06391862779855728,251.62254761374663,0.0,0.0,0.0,0.0
560.5,233.25,95,93,97.89473684210526,8407.017570511849,1619.2035202732864,14.762246262399774,2.16734709582369,235.42230359161917,0.0,0.0,0.0,0.0
497.75,83.25,95,92,96.84210526315789,6571.4575560237745,1599.34257793443,14.395331111707186,2.6190530052632206,229.49384742416538,0.0,0.0,0.0,0.0
607.75,81.5,95,80,84.21052631578948,3625.1471765644565,1707.8358904180318,12.657500839233398,5.485788802214908,276.6814693943491,0.0,0.0,0.0,0.0
559.25,360.0,95,95,100.0,14155.757684968647,479.65526835351113,15.27445125579834,1.9073486328125e-06,267.6575470634072,0.0,0.0,0.0,0.0
411.0,105.75,95,95,100.0,8352.052673903081,648.1032673951352,15.267827033996582,0.007934101857244968,162.3278169817501,0.0,0.0,0.0,0.0
262.5,106.25,95,78,82.10526315789474,4785.82797496345,2237.9138837985265,12.459394294337223,5.8175933801093995,119.55850601489665,0.0,0.0,0.0,0.0
498.0,60.75,95,95,100.0,6953.464979545775,654.7455289408773,15.154976844787598,0.14539894461631775,252.3895465782862,0.0,0.0,0.0,0.0
542.0,60.25,95,78,82.10526315789474,4389.9606094647,2101.2923319857928,12.457006002727308,5.819685983465789,234.5316096252101,0.0,0.0,0.0,0.0
603.5,403.25,95,95,100.0,9478.276376644737,421.02847936431516,15.258323669433594,0.0,327.1434127412624,0.0,0.0,0.0,0.0
495.5,402.25,95,95,100.0,9850.990471308478,237.9480202469141,15.255779266357422,0.02466452307999134,239.00709011017133,0.0,0.0,0.0,0.0
473.5,401.75,95,95,100.0,12267.900497076023,303.0749825065842,15.258323669433594,0.0,222.99173190950384,0.0,0.0,0.0,0.0
560.0,254.75,95,81,85.26315789473684,6991.242873903509,2909.6008142576916,12.905569337543689,5.3746218229887655,205.0474106705271,0.0,0.0,0.0,0.0
561.25,190.5,95,95,100.0,8331.592480994155,419.61676401593473,15.250699043273926,0.07387203723192215,246.27020314730467,0.0,0.0,0.0,0.0
606.25,147.5,95,81,85.26315789473684,5698.653262061402,2374.236793562746,12.98685793625681,5.400061340621829,256.4830963873544,0.0,0.0,0.0,0.0
584.25,125.5,95,95,100.0,7679.244903538824,496.4030595646258,15.234733581542969,0.11453956365585327,287.99045074082744,0.0,0.0,0.0,0.0
475.5,105.25,95,95,100.0,7337.29155500731,298.15543655794585,15.258123397827148,0.00025298865512013435,205.8988926160559,0.0,0.0,0.0,0.0
520.25,60.5,95,94,98.94736842105263,6562.358038306949,760.2009907972586,15.084611300418251,1.5607976245575235,266.06021196244166,0.0,0.0,0.0,0.0
263.5,400.75,95,95,100.0,11412.39064690017,3029.5800251079245,15.047996520996094,0.09830911457538605,170.1435837623914,0.0,0.0,0.0,0.0
559.25,317.5,95,95,100.0,16383.06790095029,494.64822235531926,15.215075492858887,0.09263449907302856,251.50137412920122,0.0,0.0,0.0,0.0
604.0,254.25,95,38,40.0,2740.187067482017,3498.6970433676356,5.915477411370528,7.245302014173902,113.7291778439986,0.0,0.0,0.0,0.0
517.25,233.5,95,95,100.0,12052.527672149123,478.7751948129758,15.179485321044922,0.11327853053808212,197.35980696578216,0.0,0.0,0.0,0.0
583.25,190.5,95,79,83.15789473684211,7762.490644429012,3506.695026599922,12.208403757998818,5.4983704134172005,222.5473714982674,0.0,0.0,0.0,0.0
497.25,126.5,95,94,98.94736842105263,7130.277613121345,808.7195696656204,14.868760349876002,1.5347626314775384,208.06106046503302,0.0,0.0,0.0,0.0
475.25,126.5,95,95,100.0,10051.519566885965,622.3079675380244,15.258323669433594,0.0,192.31493317366744,0.0,0.0,0.0,0.0
518.75,126.5,95,81,85.26315789473684,4007.5071271727475,1827.7210060329032,13.02221161691766,5.414079787855087,195.23853416956086,0.0,0.0,0.0,0.0
69.5,105.25,51,8,15.686274509803921,755.7101883439796,1761.6732045205517,2.2815916958977196,5.29019626364254,44.558440457174974,0.0,0.0,0.0,0.0
433.25,61.5,95,95,100.0,6792.383815842931,2197.995740107902,15.000051498413086,0.3306354582309723,211.3226070014218,0.0,0.0,0.0,0.0
476.25,61.5,95,94,98.94736842105263,5956.061476468813,764.4899014775729,15.114552287051552,1.5623424731427509,234.75665291155784,0.0,0.0,0.0,0.0
518.0,169.25,95,95,100.0,6886.23711427794,285.0668353401034,15.33926773071289,0.15208905935287476,210.23172079644493,0.0,0.0,0.0,0.0
605.0,233.25,95,95,100.0,4317.018122624269,138.1901466425184,15.25822639465332,0.00020331176347099245,284.8726351283054,0.0,0.0,0.0,0.0
325.75,106.0,95,94,98.94736842105263,7776.756856907893,823.6493975157314,15.094657897949219,1.5570895847848916,132.714115639977,0.0,0.0,0.0,0.0
177.25,106.0,95,95,100.0,5017.787108257063,153.94794330889684,15.232529640197754,0.08794976025819778,195.77855719996575,0.0,0.0,0.0,0.0
560.0,424.0,95,95,100.0,10039.914430519862,280.15035810944653,15.043452262878418,0.058368682861328125,302.4211105988168,0.0,0.0,0.0,0.0
158.0,401.0,95,95,100.0,6999.545719026264,159.86950219167576,15.03329849243164,1.9073486328125e-06,228.39658491317235,0.0,0.0,0.0,0.0
540.0,148.0,95,94,98.94736842105263,9681.708332016124,1565.924309297405,14.80278078380384,1.5405289008609084,236.0823233367104,0.0,0.0,0.0,0.0
262.0,63.0,95,91,95.78947368421052,6598.4081155517515,1430.9078956160251,14.391826288323653,3.017929396152935,178.42052290320456,0.0,0.0,0.0,0.0
176.0,41.0,95,85,89.47368421052632,5335.053531921961,1975.321671857447,13.192002416911878,4.53575281407547,219.9072876656224,0.0,0.0,0.0,0.0
583.5,168.5,95,95,100.0,6604.2152575091095,2748.4765320272013,15.070708274841309,0.09714337438344955,273.10682833195847,0.0,0.0,0.0,0.0
541.5,82.5,95,83,87.36842105263158,4570.49661796946,1759.154802282976,13.01379374453896,4.950754622457727,237.53586568451362,0.0,0.0,0.0,0.0
115.75,401.25,95,95,100.0,7475.155877478525,1280.8093511790603,15.018461227416992,0.04983123764395714,260.1925957413404,0.0,0.0,0.0,0.0
516.75,275.25,95,89,93.6842105263158,7121.2493154653985,1940.7453106282792,14.013452509829872,3.64793365070155,187.2185478888757,0.0,0.0,0.0,0.0
410.25,422.25,95,64,67.36842105263158,6082.947819057217,4352.08681733746,10.025513347826505,6.9810565419282025,137.02732628865982,0.0,0.0,0.0,0.0
200.25,400.75,95,95,100.0,6201.19270083577,424.35435674308616,14.977838516235352,0.14635978639125824,200.35340408276684,0.0,0.0,0.0,0.0
94.25,401.25,95,95,100.0,7199.00158556124,1929.2853037925252,14.865501403808594,0.1262638121843338,277.27471392015985,0.0,0.0,0.0,0.0
580.25,360.25,95,80,84.21052631578948,8402.26808042078,3655.25655671768,12.664071534809313,5.484057744615035,241.78776477482253,0.0,0.0,0.0,0.0
410.25,359.25,95,95,100.0,10206.530325106794,751.0261249174541,15.037275314331055,0.12979426980018616,149.5728238097916,0.0,0.0,0.0,0.0
516.25,317.25,95,95,100.0,11664.41357072368,227.24809687624557,15.016722679138184,9.5367431640625e-07,210.91440633010762,0.0,0.0,0.0,0.0
603.25,297.25,95,95,100.0,8348.359163110787,3354.181802821653,14.998459815979004,0.04925491660833359,289.11007454514777,0.0,0.0,0.0,0.0
410.25,254.25,95,85,89.47368421052632,7188.98562883772,2467.7109434641256,13.359859968486585,4.583824109109982,81.67541795835935,0.0,0.0,0.0,0.0
157.25,254.25,95,90,94.73684210526316,8731.76442316576,2119.534871129543,14.162585900959217,3.341704777644076,154.54478483313287,0.0,0.0,0.0,0.0
582.25,233.25,95,95,100.0,7978.076389802632,252.53086690792412,14.945813179016113,0.11007389426231384,262.263061356868,0.0,0.0,0.0,0.0
262.5,233.25,95,94,98.94736842105263,7944.507864220805,880.4601009026127,14.194652597527755,1.4819989943516574,57.269339784960394,0.0,0.0,0.0,0.0
605.25,190.25,95,95,100.0,9735.490948464912,218.71354767072444,15.169312477111816,0.11654307693243027,289.52884747490623,0.0,0.0,0.0,0.0
496.25,169.25,95,95,100.0,7731.267594159359,283.0779276045249,15.001330375671387,0.08437366038560867,189.89659991380935,0.0,0.0,0.0,0.0
496.25,148.25,95,72,75.78947368421052,5851.512111193147,3364.451584924908,11.398196832757247,6.443403430102756,150.6386965092418,0.0,0.0,0.0,0.0
283.25,106.25,95,93,97.89473684210526,5901.3124615789475,903.5923649541127,14.705479631925884,2.1567948409542224,135.75403434051444,0.0,0.0,0.0,0.0
219.75,106.25,95,95,100.0,7462.463519919589,220.19985762890238,15.016722679138184,9.5367431640625e-07,167.25750413380754,0.0,0.0,0.0,0.0
454.25,105.25,95,95,100.0,7654.023736110398,376.4177414689263,15.042332649230957,0.08248094469308853,190.1859841368208,0.0,0.0,0.0,0.0
155.25,84.25,95,94,98.94736842105263,4603.406663956718,557.1500392534275,14.257104853579872,1.4965785567372725,224.3332932024845,0.0,0.0,0.0,0.0
240.25,41.25,95,95,100.0,4064.0838796870476,361.0837222536195,14.883285522460938,0.276169091463089,214.1254032021914,0.0,0.0,0.0,0.0
305.5,401.0,95,95,100.0,6711.490312216535,200.16484330949964,15.008849143981934,0.04318879172205925,161.63375690140805,0.0,0.0,0.0,0.0
179.0,401.0,95,81,85.26315789473684,5406.558649038892,2277.252650975602,12.70982837677002,5.286137254138316,182.4070917373572,0.0,0.0,0.0,0.0
603.5,382.0,95,95,100.0,9760.33795285659,1881.1163924993973,14.90832233428955,0.1291528195142746,316.71098787215016,0.0,0.0,0.0,0.0
305.25,359.25,95,95,100.0,7351.2659199263035,376.88856966187996,15.01594352722168,0.003343351185321808,119.86691403656997,0.0,0.0,0.0,0.0
179.25,359.25,95,95,100.0,7163.53902642861,341.2370690964494,14.852062225341797,0.14503569900989532,184.32979959854976,0.0,0.0,0.0,0.0
515.75,338.75,95,95,100.0,13076.387641630115,357.5362262910613,15.024272918701172,0.13302339613437653,219.33244594070172,0.0,0.0,0.0,0.0
560.75,211.75,95,95,100.0,10526.303907529238,204.50584469771195,15.016645431518555,2.86102294921875e-06,242.40178423435734,0.0,0.0,0.0,0.0
347.25,106.25,95,95,100.0,4956.899562340561,186.85131797423136,14.979281425476074,0.08557595312595367,136.54113117197798,0.0,0.0,0.0,0.0
261.75,84.75,95,95,100.0,7749.788265344117,700.644452743751,15.000349044799805,0.07079210877418518,165.7848278429772,0.0,0.0,0.0,0.0
475.5,83.25,95,51,53.68421052631579,4039.6285627164375,3760.279805004995,7.774582621925756,7.225829384484426,118.64217754412932,0.0,0.0,0.0,0.0
412.0,39.75,95,89,93.6842105263158,4968.429508956723,1372.7584362216724,13.692898649918405,3.5608535543924695,205.9459631229032,0.0,0.0,0.0,0.0
537.75,359.75,95,95,100.0,12031.352751461987,387.23923645528265,15.115859985351562,0.11888766288757324,248.41586703707227,0.0,0.0,0.0,0.0
326.0,358.75,95,93,97.89473684210526,10831.923300882416,1768.6375449523762,14.20562559428968,2.1120273411682073,116.38650752579957,0.0,0.0,0.0,0.0
581.25,317.75,95,95,100.0,13616.290249594704,631.4053397324889,14.88558578491211,0.2279173880815506,272.4532839948689,0.0,0.0,0.0,0.0
539.25,211.75,95,95,100.0,15789.864694409942,445.21228910144464,15.011393547058105,0.035825226455926895,221.05954635593807,0.0,0.0,0.0,0.0
584.0,147.5,95,94,98.94736842105263,7310.071930259908,788.7010647817394,14.901573773434288,1.5401854729936009,276.7686018490883,0.0,0.0,0.0,0.0
585.5,82.0,95,95,100.0,5919.964982821637,1762.0260224471087,15.022021293640137,0.007959514856338501,309.1728074311357,0.0,0.0,0.0,0.0
73.0,401.5,95,95,100.0,4642.476696820177,207.75323297774054,15.003987312316895,0.09503623098134995,295.0918624310138,0.0,0.0,0.0,0.0
325.75,400.75,95,95,100.0,11734.807535601467,395.4549452166527,15.016468048095703,0.0016989719588309526,160.85553124815934,0.0,0.0,0.0,0.0
559.25,339.25,95,95,100.0,8726.95606809382,625.8707821606502,14.907706260681152,0.1251784712076187,258.91159590459915,0.0,0.0,0.0,0.0
538.25,275.75,95,95,100.0,9929.194506761696,206.2863989569562,14.82632827758789,0.1438370645046234,220.93371645006306,0.0,0.0,0.0,0.0
582.0,254.5,95,94,98.94736842105263,8264.37542587232,905.2338371676307,14.868211967066715,1.5355946924572457,259.6202840475368,0.0,0.0,0.0,0.0
475.0,148.5,95,80,84.21052631578948,6162.543198147335,2706.279144161003,12.382752368324681,5.368968597356062,151.43441832015156,0.0,0.0,0.0,0.0
389.75,105.75,95,94,98.94736842105263,6422.007223501463,684.3210362564816,14.794791974519429,1.5332520504392901,149.5802841576521,0.0,0.0,0.0,0.0
367.75,105.75,95,95,100.0,7452.664483691428,505.0986419014719,14.974596977233887,0.09513495862483978,142.49610420935173,0.0,0.0,0.0,0.0
198.75,105.75,95,77,81.05263157894737,5708.860204606568,2808.9422684112187,11.984897252133019,5.798258369742766,146.52782487557502,0.0,0.0,0.0,0.0
155.75,105.75,95,95,100.0,7292.589449744153,203.74048414193953,15.01411247253418,0.05527741089463234,212.13784984861812,0.0,0.0,0.0,0.0
455.0,61.5,95,95,100.0,7547.79457876462,281.8418840380571,15.016687393188477,0.09266216307878494,223.79823946124165,0.0,0.0,0.0,0.0
411.5,62.0,95,95,100.0,6039.824323282164,175.21569230137743,15.04677963256836,0.08037123829126358,200.1337600069496,0.0,0.0,0.0,0.0
46.75,61.5,37,4,10.81081081081081,581.6462168835501,1671.9772400713466,1.5433683653135557,4.432988130614354,35.28497156591736,0.0,0.0,0.0,0.0
433.5,40.0,95,95,100.0,4503.766888171703,176.09464160671598,15.003296852111816,0.07599367201328278,229.98163767047583,0.0,0.0,0.0,0.0
455.75,39.75,95,93,97.89473684210526,4152.171507397097,1148.0792207418167,14.65446770316676,2.161711485775883,236.74951285640157,0.0,0.0,0.0,0.0
540.5,126.0,95,95,100.0,6520.851616268046,599.0313303241035,15.076584815979004,0.11371112614870071,248.21535489356458,0.0,0.0,0.0,0.0
389.5,149.0,95,95,100.0,6830.410060489766,229.88418507084356,14.911825180053711,0.13360130786895752,114.53676677343789,0.0,0.0,0.0,0.0
603.5,424.5,95,95,100.0,6949.115947424463,295.3428387712643,15.073418617248535,0.1165136769413948,338.2879430274027,0.0,0.0,0.0,0.0
495.5,423.5,95,55,57.89473684210526,3764.818944665367,3213.220844306765,8.668965490240799,7.393389197595643,146.99188593306704,0.0,0.0,0.0,0.0
263.5,421.5,95,95,100.0,10899.865270643275,236.1562498219875,14.80411434173584,0.09470918774604797,190.284253603924,0.0,0.0,0.0,0.0
431.5,401.5,95,95,100.0,10888.362948200129,237.06575930789472,15.0,0.0,196.251114646516,0.0,0.0,0.0,0.0
410.5,401.5,95,93,97.89473684210526,8861.18007659357,2176.075554352471,14.684409392507453,2.154016295687752,181.11985665249415,0.0,0.0,0.0,0.0
347.0,401.0,95,95,100.0,8636.243709510945,223.91109092328566,15.0,0.0,163.24827717314508,0.0,0.0,0.0,0.0
559.5,381.5,95,95,100.0,7442.7946042885,245.48410400768762,15.0,0.0,278.17710186138623,0.0,0.0,0.0,0.0
494.5,359.5,45,8,17.77777777777778,2196.333956664952,4730.556023678027,2.634813117980957,5.6665639669745955,37.63449628597804,0.0,0.0,0.0,0.0
473.5,359.5,95,95,100.0,9812.836334866795,263.1052590835189,15.0,0.0,194.53148845366903,0.0,0.0,0.0,0.0
452.5,359.5,95,61,64.21052631578948,5955.322521949317,4450.135400961658,9.631578947368421,7.190714233727812,114.56946579728294,0.0,0.0,0.0,0.0
431.5,359.5,95,95,100.0,7479.710658037686,211.00884835302568,14.994911193847656,0.03469500690698624,163.4360028659824,0.0,0.0,0.0,0.0
347.0,359.0,95,95,100.0,9096.896987236507,218.6820542847882,15.0,0.0,122.02458768625283,0.0,0.0,0.0,0.0
473.5,338.5,95,82,86.3157894736842,6875.355760779728,2742.5197742879222,12.942286752399646,5.153420523662793,157.42676362394593,0.0,0.0,0.0,0.0
452.25,338.5,95,95,100.0,7596.919063287848,171.6204855164292,14.240740776062012,0.12087373435497284,164.93891933583978,0.0,0.0,0.0,0.0
537.75,317.5,95,95,100.0,12824.887833034441,377.1677234741264,14.700010299682617,0.20319543778896332,231.10819801668399,0.0,0.0,0.0,0.0
473.5,275.25,95,91,95.78947368421052,10357.789471453234,2195.864455741593,13.711813966851485,2.8780451748290914,150.88988049045184,0.0,0.0,0.0,0.0
538.5,254.5,95,93,97.89473684210526,5885.13570474334,871.3037072577727,14.68421052631579,2.1533971100503986,214.37047500534354,0.0,0.0,0.0,0.0
115.5,233.5,95,95,100.0,5116.053043310924,258.60832184520984,14.787508010864258,0.3212209641933441,204.6676770385129,0.0,0.0,0.0,0.0
157.5,191.5,95,87,91.57894736842105,3773.166641785416,1172.9189201733095,13.523837260196084,4.1132159036804,155.4210669589374,0.0,0.0,0.0,0.0
539.5,169.5,95,95,100.0,7656.700228889702,1221.0942384529512,15.003599166870117,0.026536667719483376,230.53623546817747,0.0,0.0,0.0,0.0
474.5,169.5,95,85,89.47368421052632,5674.38822965562,1953.912475669209,13.41088927419562,4.6005508024883,151.95209203399935,0.0,0.0,0.0,0.0
453.5,169.5,95,95,100.0,8684.57417523067,261.8117272034766,14.928767204284668,0.1101861372590065,151.03702176110812,0.0,0.0,0.0,0.0
262.5,149.5,95,95,100.0,4508.826432124755,100.03474230557055,14.97964859008789,0.06711431592702866,107.23950929094138,0.0,0.0,0.0,0.0
262.5,127.5,95,95,100.0,7048.432367173489,309.4153867629568,15.000176429748535,0.0017065597930923104,126.34632908687128,0.0,0.0,0.0,0.0
431.5,422.5,95,43,45.26315789473684,4092.3007779597137,4501.624955160239,6.715711312544974,7.385877859787242,96.85399099509938,0.0,0.0,0.0,0.0
473.5,380.5,95,94,98.94736842105263,9314.277343729695,992.4057652022218,14.842105263157896,1.5308462707630515,205.9020798389236,0.0,0.0,0.0,0.0
452.5,380.5,95,93,97.89473684210526,9505.889793580247,1409.70166948752,14.28289548974288,2.121169445217795,189.11698615028132,0.0,0.0,0.0,0.0
284.0,359.0,95,95,100.0,9303.995929066528,232.43474610742192,14.88072681427002,0.12053488194942474,124.20780880502458,0.0,0.0,0.0,0.0
473.25,317.0,95,95,100.0,7641.618054961743,644.5415333644604,14.607359886169434,0.3065023422241211,171.68530840672472,0.0,0.0,0.0,0.0
559.5,297.5,95,95,100.0,6748.9076471442495,817.1461226564678,14.995087623596191,0.03476272523403168,246.30130572597895,0.0,0.0,0.0,0.0
241.75,191.25,95,91,95.78947368421052,7145.630313851296,1549.7412779864837,13.784209472254703,2.9061698021408477,88.50142374469176,0.0,0.0,0.0,0.0
283.5,127.5,95,95,100.0,7406.264316673165,262.7191184326183,14.918593406677246,0.11422359943389893,118.20305718636288,0.0,0.0,0.0,0.0
241.0,106.0,95,86,90.52631578947368,5710.048916816782,1927.70560254262,13.495281339946546,4.368583338944131,140.7597196491869,0.0,0.0,0.0,0.0
198.0,62.5,95,50,52.63157894736842,3727.6446699957405,3545.9745025023435,7.648848834790681,7.256715393515459,113.36594939155644,0.0,0.0,0.0,0.0
283.5,41.25,95,72,75.78947368421052,2515.402245616157,1432.3088797755838,10.996638478730855,6.21994886108316,152.98632634617877,0.0,0.0,0.0,0.0
304.75,41.0,95,82,86.3157894736842,4174.854588567766,1696.4627691566313,12.583966576425652,5.0170412161508935,171.97941607259332,0.0,0.0,0.0,0.0
116.0,422.0,95,95,100.0,6649.711858698413,1408.3288285320282,14.612464904785156,0.19102337956428528,273.35137251843804,0.0,0.0,0.0,0.0
116.25,359.0,95,95,100.0,6882.845414056789,533.9155170770274,14.807793617248535,0.02363709732890129,235.96776423920295,0.0,0.0,0.0,0.0
496.0,190.75,95,95,100.0,10838.670461800966,1565.9028188521104,14.84494400024414,0.15499302744865417,182.78760877369703,0.0,0.0,0.0,0.0
113.0,105.75,95,95,100.0,6363.075913427164,1255.1468703913795,14.984400749206543,0.1276300549507141,246.54048506203992,0.0,0.0,0.0,0.0
112.75,84.0,95,33,34.73684210526316,1687.312315639315,2319.7451532849886,5.106981598703485,7.0010906973726215,90.11591592375342,0.0,0.0,0.0,0.0
114.5,169.75,95,95,100.0,7045.556498166298,469.5669309431076,14.598947525024414,0.1460104137659073,217.02552767806185,0.0,0.0,0.0,0.0
454.0,126.75,95,95,100.0,8948.967814267664,647.2792054727889,14.696012496948242,0.13646730780601501,175.33166025227098,0.0,0.0,0.0,0.0
113.75,149.0,95,94,98.94736842105263,6300.327743207395,1254.8485997299726,14.627306767513877,1.5261943670448186,223.05122716208172,0.0,0.0,0.0,0.0
367.5,254.25,95,94,98.94736842105263,10573.97422300369,1528.3393134133244,14.632281474063271,1.5376255644575487,48.94252812793397,0.0,0.0,0.0,0.0
432.5,105.25,95,95,100.0,8394.893687514623,1489.6035023175918,14.772435188293457,0.028272558003664017,175.4658482774214,0.0,0.0,0.0,0.0
582.75,211.5,95,93,97.89473684210526,9792.829845979531,1462.684677288334,14.455779738175242,2.1203793379929863,258.72627913119123,0.0,0.0,0.0,0.0
517.5,191.0,95,84,88.42105263157895,5952.169075768356,2797.0966833889524,13.07082529569927,4.732685825526702,180.07606944423375,0.0,0.0,0.0,0.0
605.75,168.5,95,95,100.0,7207.906128497402,257.60318116256366,14.769027709960938,0.05107596144080162,294.5550568599696,0.0,0.0,0.0,0.0
410.75,148.5,95,85,89.47368421052632,6819.207903729695,2345.745137417092,13.204815914756374,4.529214492896003,115.30590186176563,0.0,0.0,0.0,0.0
432.75,83.5,95,92,96.84210526315789,9005.809539968322,1653.1457794509215,14.18159324244449,2.566972640354573,186.8723235314638,0.0,0.0,0.0,0.0
262.0,41.75,95,84,88.42105263157895,3992.2776237956805,1496.691411931869,12.942271242643658,4.686496351331091,183.20250551256433,0.0,0.0,0.0,0.0
411.0,127.25,95,92,96.84210526315789,7049.069435210049,1403.7507219662034,14.286487980892783,2.583474503047118,140.49897365725315,0.0,0.0,0.0,0.0
432.25,127.0,95,95,100.0,6816.242278143273,191.78713565280654,14.77552318572998,0.00013556797057390213,159.27662753494417,0.0,0.0,0.0,0.0
410.0,380.25,95,95,100.0,9932.761600771706,622.7254951882137,14.675329208374023,0.1482613980770111,166.72596477646306,0.0,0.0,0.0,0.0
116.25,380.0,95,95,100.0,6698.498439982023,1134.8359408189533,14.771011352539062,0.007997265085577965,247.22868105262637,0.0,0.0,0.0,0.0
410.0,317.25,95,95,100.0,8642.54110956932,473.55877491865095,14.548104286193848,0.06881058216094971,118.72803148379636,0.0,0.0,0.0,0.0
581.0,297.25,95,95,100.0,9884.235330449967,2772.3832527866516,14.77900218963623,0.04355059191584587,267.28691743776636,0.0,0.0,0.0,0.0
410.0,233.25,95,95,100.0,9711.782475220789,441.4136837584104,14.787348747253418,0.10484863072633743,90.28728483300075,0.0,0.0,0.0,0.0
115.0,212.25,95,95,100.0,6302.712267733917,400.5659409679756,14.782995223999023,0.05484849587082863,206.85593301608813,0.0,0.0,0.0,0.0
474.25,191.0,95,95,100.0,6882.03313062232,2754.23241497063,14.686741828918457,0.11557544022798538,161.8971818053445,0.0,0.0,0.0,0.0
305.25,106.0,95,82,86.3157894736842,6422.312475814723,2859.784448441539,12.822528457641601,5.1199799439203755,116.39152475484606,0.0,0.0,0.0,0.0
91.5,105.75,95,86,90.52631578947368,4897.532706261371,1612.1836408529953,13.327137515419407,4.313964016557335,240.03565428710291,0.0,0.0,0.0,0.0
283.25,63.0,95,89,93.6842105263158,4548.437627283089,1280.4262804758152,13.836129901283666,3.5930708413412824,169.3098095826393,0.0,0.0,0.0,0.0
390.25,62.0,95,92,96.84210526315789,4959.680052881945,1287.7831980513686,14.296259317900006,2.58366107524292,185.2273277748795,0.0,0.0,0.0,0.0
347.25,41.0,95,95,100.0,4897.304982367128,414.70130442744926,14.761414527893066,0.07664749026298523,200.8484358773516,0.0,0.0,0.0,0.0
367.75,401.0,95,94,98.94736842105263,15531.763461244464,1870.0065770663944,14.597319793701171,1.5156370833472794,166.16489256791874,0.0,0.0,0.0,0.0
517.0,381.25,95,95,100.0,6326.65781204032,2381.309699227722,14.870339393615723,0.12699560821056366,242.22143951606242,0.0,0.0,0.0,0.0
367.75,359.0,95,94,98.94736842105263,14609.793716739767,1537.7618751457728,14.619902520430715,1.5079278246320456,126.90819315075628,0.0,0.0,0.0,0.0
263.0,296.25,95,95,100.0,6722.3164332967835,198.36089474954437,14.570006370544434,0.08545740693807602,80.2314911324371,0.0,0.0,0.0,0.0
158.0,275.25,95,95,100.0,5969.6471522817255,683.3189608111636,14.690258979797363,0.12039099633693695,165.85033411305574,0.0,0.0,0.0,0.0
116.0,275.25,95,92,96.84210526315789,5022.927611737365,1035.7848783849263,14.130444697329873,2.559511952058903,200.5982011434087,0.0,0.0,0.0,0.0
242.0,254.25,95,95,100.0,10578.766448611297,1080.288817991591,14.719718933105469,0.08522181957960129,79.36988381975578,0.0,0.0,0.0,0.0
157.0,149.25,95,86,90.52631578947368,3794.7394229690426,1987.5408696211662,13.3729929371884,4.326441737554051,168.981591653361,0.0,0.0,0.0,0.0
134.75,106.0,95,93,97.89473684210526,6039.467904047731,912.3243352727632,14.336852977150365,2.1061279578330576,224.15404675121204,0.0,0.0,0.0,0.0
158.5,359.25,95,95,100.0,6268.950428910818,205.31261346762147,14.795413970947266,0.06683014333248138,200.7494536374094,0.0,0.0,0.0,0.0
137.5,359.25,95,95,100.0,7532.784694078949,202.24398622207892,14.767599105834961,0.042096931487321854,218.02359417172306,0.0,0.0,0.0,0.0
495.25,380.5,95,95,100.0,12923.229285589032,1302.7589445548977,14.77904224395752,0.012060243636369705,224.56791539371181,0.0,0.0,0.0,0.0
200.5,358.75,95,95,100.0,7071.629217155621,432.3215499581457,14.786603927612305,0.13887470960617065,168.48024090514343,0.0,0.0,0.0,0.0
325.75,149.0,95,95,100.0,9620.986306210085,867.2570572115682,14.653120040893555,0.17599795758724213,91.02026411160995,0.0,0.0,0.0,0.0
156.25,127.5,95,95,100.0,5726.785420574136,714.4279905967155,14.758819580078125,0.07862865924835205,198.72110836765577,0.0,0.0,0.0,0.0
325.5,62.75,95,84,88.42105263157895,5638.0762942009915,2148.4286459904356,12.845570654618113,4.654876655232419,156.74509745421906,0.0,0.0,0.0,0.0
368.5,40.75,95,95,100.0,5397.748406715742,773.6359487942058,14.54922866821289,0.28516244888305664,205.08392393138757,0.0,0.0,0.0,0.0
284.0,400.75,95,75,78.94736842105263,7614.154711522108,3982.391611344492,11.563409905684622,5.9732649796641395,129.9672523476247,0.0,0.0,0.0,0.0
242.0,400.75,95,95,100.0,8915.094929353705,368.18037010528224,14.726211547851562,0.08601346611976624,178.64605280216784,0.0,0.0,0.0,0.0
221.0,400.75,95,90,94.73684210526316,6893.977697029964,1687.276029169402,13.920670278448808,3.284495947495801,178.80415150773433,0.0,0.0,0.0,0.0
200.0,254.25,95,93,97.89473684210526,8671.604221777472,1795.6016313454545,14.471749596846731,2.123198056001001,118.21620569012214,0.0,0.0,0.0,0.0
179.0,254.25,95,95,100.0,7416.781934693506,544.1232509920151,14.560445785522461,0.10633742064237595,141.9143584446167,0.0,0.0,0.0,0.0
368.0,149.25,95,95,100.0,7910.525816038421,933.7068396995978,14.706738471984863,0.19360044598579407,102.93092024366943,0.0,0.0,0.0,0.0
538.0,402.75,95,95,100.0,5600.002016113708,440.95637275047443,14.75574779510498,0.045833997428417206,272.0829808164581,0.0,0.0,0.0,0.0
221.0,358.75,95,95,100.0,6687.145203665786,525.8752104326134,14.939360618591309,0.10800272971391678,154.68679061061528,0.0,0.0,0.0,0.0
116.25,338.0,95,79,83.15789473684211,4641.754907133907,2133.648263595248,12.23145247007671,5.50640934419817,188.00614255966602,0.0,0.0,0.0,0.0
116.25,317.0,95,95,100.0,3840.916672101571,721.4663083758809,14.559958457946777,0.10922183096408844,217.6345972061896,0.0,0.0,0.0,0.0
347.0,149.25,95,95,100.0,6538.674404858669,446.7119904783048,14.738861083984375,0.07459419965744019,94.72851363750193,0.0,0.0,0.0,0.0
390.0,84.25,95,94,98.94736842105263,6560.537320671469,947.0839752365501,14.356717159873561,1.501609037932148,169.02827353999962,0.0,0.0,0.0,0.0
176.25,62.75,95,42,44.21052631578947,2119.6648893195947,2388.3392809947927,6.375736437345806,7.163488243869974,100.95887248768344,0.0,0.0,0.0,0.0
538.25,423.5,95,95,100.0,9805.543501182585,275.94985840394884,14.758323669433594,0.0,285.3707471336175,0.0,0.0,0.0,0.0
473.5,423.25,95,92,96.84210526315789,11396.234519883039,2693.729748300721,14.294630833675987,2.581313758025875,231.492597064247,0.0,0.0,0.0,0.0
305.5,421.75,95,95,100.0,8708.153783807667,196.69755301775302,14.758323669433594,0.0,182.3274869568491,0.0,0.0,0.0,0.0
200.5,421.75,95,95,100.0,8715.719598908381,196.72048830977866,14.570530891418457,0.10003846138715744,217.40932784851123,0.0,0.0,0.0,0.0
389.25,401.5,95,95,100.0,7629.193394983756,191.05982935216508,14.763412475585938,0.034695010632276535,175.72291416459504,0.0,0.0,0.0,0.0
51.75,401.5,95,50,52.63157894736842,2342.270147368421,2223.901523160963,7.767538773386102,7.368934301271168,164.79678789933695,0.0,0.0,0.0,0.0
581.25,381.5,95,95,100.0,8023.576126759258,1941.6745730830362,14.763225555419922,0.025128763169050217,297.1119138163617,0.0,0.0,0.0,0.0
537.75,381.5,95,89,93.6842105263158,10644.845966231733,3006.601276594449,13.764794389825118,3.578203588031697,243.26381531392195,0.0,0.0,0.0,0.0
73.25,380.5,95,94,98.94736842105263,3601.450007161554,519.6489067995481,14.573413878992984,1.510915510828145,280.9699166089208,0.0,0.0,0.0,0.0
325.75,379.5,95,95,100.0,17626.594743807666,283.39350393389225,14.758323669433594,0.0,139.61845329325197,0.0,0.0,0.0,0.0
305.5,379.75,95,95,100.0,12532.491518336581,266.9357559117353,14.758323669433594,0.0,140.3947822531924,0.0,0.0,0.0,0.0
263.5,379.75,95,95,100.0,13149.688396333659,2475.1925078839536,14.763073921203613,0.0075425575487315655,150.7000793124174,0.0,0.0,0.0,0.0
200.75,379.5,95,95,100.0,9757.610837582846,179.16923995954753,14.547691345214844,0.08008870482444763,183.6968394145224,0.0,0.0,0.0,0.0
179.5,379.75,95,95,100.0,9326.637842962962,206.01364937653747,14.707568168640137,0.09828498214483261,198.15641936080186,0.0,0.0,0.0,0.0
263.5,358.75,95,95,100.0,7404.307679236518,817.2163798419758,14.916579246520996,0.12498006224632263,131.65533575139247,0.0,0.0,0.0,0.0
537.5,339.25,95,95,100.0,10899.257987458575,2568.775670138046,14.640868186950684,0.117508165538311,239.05912617527542,0.0,0.0,0.0,0.0
494.75,338.5,95,95,100.0,10894.180855100714,320.9084713366404,14.758323669433594,0.0,200.5986353393264,0.0,0.0,0.0,0.0
367.5,338.25,95,95,100.0,10692.343827353568,862.3837495608943,14.601134300231934,0.24155141413211823,109.09898704310709,0.0,0.0,0.0,0.0
325.5,338.25,95,93,97.89473684210526,9894.910634856345,1840.1140622443438,14.22255156667609,2.104021881351739,96.21158862793104,0.0,0.0,0.0,0.0
603.75,275.5,95,94,98.94736842105263,10372.169770707438,1184.2235766518606,14.642709521243447,1.5130635244345896,282.93923827364165,0.0,0.0,0.0,0.0
581.75,275.5,95,95,100.0,10076.720405873944,361.39490095584586,14.903327941894531,0.11839675158262253,263.9977467161136,0.0,0.0,0.0,0.0
495.25,275.5,95,95,100.0,13078.953421597631,2707.5656539742454,14.81039810180664,0.11294256150722504,178.62489852913134,0.0,0.0,0.0,0.0
284.0,275.0,95,77,81.05263157894737,6578.141039571068,3327.008831539531,11.398557401958264,5.513380495498016,40.731786009453536,0.0,0.0,0.0,0.0
538.75,233.5,95,95,100.0,8656.237242053283,308.03815924766667,14.755779266357422,0.02466452307999134,218.84391970468496,0.0,0.0,0.0,0.0
199.5,212.25,95,95,100.0,9114.548383914282,717.3512201388672,14.385309219360352,0.32840868830680847,123.5013314862804,0.0,0.0,0.0,0.0
453.5,191.25,95,95,100.0,5582.733464119558,215.2763259072415,14.758323669433594,0.0,141.98082822716643,0.0,0.0,0.0,0.0
283.5,191.25,95,95,100.0,7821.856306569597,230.58817011976092,14.747992515563965,0.07921796292066574,60.89687302809368,0.0,0.0,0.0,0.0
431.75,169.5,95,95,100.0,10745.985824769328,242.96138195633162,14.755785942077637,0.024604083970189095,132.13131356620312,0.0,0.0,0.0,0.0
410.75,169.5,95,92,96.84210526315789,8597.606409980506,1565.0023649290995,14.289752377961811,2.581493224097726,111.27814567775032,0.0,0.0,0.0,0.0
241.25,149.5,95,95,100.0,4485.994974900746,145.19848847855758,14.7554349899292,0.08422008156776428,119.97498016937661,0.0,0.0,0.0,0.0
199.25,148.75,95,95,100.0,4563.89910554941,295.289020180542,14.25078296661377,0.2751731276512146,151.2037196740521,0.0,0.0,0.0,0.0
177.75,149.0,95,95,100.0,6857.678527214331,204.70407325641364,14.254210472106934,0.09432148933410645,168.86010082187744,0.0,0.0,0.0,0.0
453.75,148.5,95,95,100.0,8132.49633808967,176.45516028414406,14.75324821472168,0.04920816794037819,162.05274265998898,0.0,0.0,0.0,0.0
367.75,127.5,95,62,65.26315789473684,4524.781589074273,3357.2283556733196,9.477832994962993,6.915213525389771,79.88332529020921,0.0,0.0,0.0,0.0
325.75,127.5,95,95,100.0,7852.409629525666,244.84793598706258,14.758323669433594,0.0,112.64684860216909,0.0,0.0,0.0,0.0
241.25,127.5,95,95,100.0,7083.557035997401,180.13369550575152,14.760868072509766,0.0246646199375391,137.16831990119866,0.0,0.0,0.0,0.0
219.75,127.5,95,95,100.0,10410.031979581758,333.5320647473559,14.753067016601562,0.03586919233202934,150.68635516087843,0.0,0.0,0.0,0.0
199.25,127.5,95,95,100.0,5790.95689990091,661.3421005262772,14.758852005004883,0.002924233442172408,165.0469494542589,0.0,0.0,0.0,0.0
325.75,84.5,95,95,100.0,6948.939839792074,226.73924025075877,14.758323669433594,0.0,155.60627397377013,0.0,0.0,0.0,0.0
219.5,84.75,95,95,100.0,6054.141167615336,217.92455035225672,14.732946395874023,0.07398627698421478,184.92859619466066,0.0,0.0,0.0,0.0
454.75,83.5,95,95,100.0,6934.313465679012,265.67962327750683,14.758323669433594,0.0,206.51831032622752,0.0,0.0,0.0,0.0
411.5,83.75,95,95,100.0,8020.29117556774,1428.5463638699898,14.911091804504395,0.1332513839006424,181.16156550990422,0.0,0.0,0.0,0.0
69.25,83.5,95,54,56.8421052631579,2401.9361728262293,2117.0873639460187,8.27171018500077,7.209575700370557,168.02318009732426,0.0,0.0,0.0,0.0
51.75,422.5,95,78,82.10526315789474,3662.4260774009094,1719.6577415826862,12.10974736464651,5.653588983899427,266.39055325047525,0.0,0.0,0.0,0.0
284.25,421.5,95,95,100.0,11356.014485662836,1163.38845549449,14.562541007995605,0.11065491288900375,185.02407088171438,0.0,0.0,0.0,0.0
367.75,296.5,95,95,100.0,10157.770701598438,254.58786175079237,14.672103881835938,0.2262931615114212,73.95039510029943,0.0,0.0,0.0,0.0
431.25,275.25,95,94,98.94736842105263,7862.205003979352,882.842664376741,13.947738767925062,1.4564452288401686,115.47064256612083,0.0,0.0,0.0,0.0
325.5,275.25,95,95,100.0,8209.786893154578,428.86613837728174,14.498927116394043,0.22059154510498047,35.693893631736344,0.0,0.0,0.0,0.0
220.5,233.25,95,95,100.0,6472.4199823420995,158.34553011876267,14.661181449890137,0.14753511548042297,99.73443239715033,0.0,0.0,0.0,0.0
157.5,233.25,95,95,100.0,7033.329883814296,345.70517224534404,14.347400665283203,0.34254616498947144,162.74556521967784,0.0,0.0,0.0,0.0
474.5,212.25,95,95,100.0,6268.487134002852,1958.0224600130687,14.761305809020996,0.0064186942763626575,156.89244240839034,0.0,0.0,0.0,0.0
453.5,212.25,95,95,100.0,5424.092732889366,627.4557419297545,14.720254898071289,0.0915687158703804,136.36116059673532,0.0,0.0,0.0,0.0
157.5,212.25,95,95,100.0,5210.184048009973,531.256681611312,14.718120574951172,0.2681596875190735,164.9361841769274,0.0,0.0,0.0,0.0
93.75,212.0,95,94,98.94736842105263,5641.105561404848,763.8370003487103,14.053579591449939,1.4567350077819776,225.6080878358392,0.0,0.0,0.0,0.0
517.5,211.75,95,95,100.0,13228.37745069618,2422.359476228,14.845404624938965,0.1278078258037567,199.47299293817892,0.0,0.0,0.0,0.0
389.25,191.5,95,95,100.0,4615.424923612735,147.763465008417,14.755785942077637,0.024604085832834244,84.54991429278294,0.0,0.0,0.0,0.0
539.75,190.5,95,95,100.0,7441.885082579596,324.6337708407744,14.894189834594727,0.13142232596874237,225.08796027394177,0.0,0.0,0.0,0.0
367.75,169.5,95,93,97.89473684210526,11597.998252579595,1715.9240203650181,14.438142635947779,2.117794217598829,83.36207481179817,0.0,0.0,0.0,0.0
325.75,169.5,95,95,100.0,11906.891991994797,208.4339083190146,14.748172760009766,0.048416368663311005,70.72077291761889,0.0,0.0,0.0,0.0
93.25,169.75,95,70,73.6842105263158,4313.8385219622305,2585.6505528826942,10.423246765136719,6.232943512269522,174.94316556307308,0.0,0.0,0.0,0.0
431.75,148.5,95,95,100.0,8055.587954421701,562.9647345709635,14.558393478393555,0.08554860949516296,144.57758957149326,0.0,0.0,0.0,0.0
304.75,127.5,95,95,100.0,9866.7984243884,380.76369283906774,14.751431465148926,0.06650146842002869,113.53463478858359,0.0,0.0,0.0,0.0
304.75,84.5,95,95,100.0,7659.500577916335,672.2290080071696,14.7206392288208,0.1491856575012207,156.2371273197524,0.0,0.0,0.0,0.0
198.5,84.75,95,95,100.0,5316.053649382716,158.20676016118398,14.758323669433594,0.0,197.15268808062186,0.0,0.0,0.0,0.0
137.25,401.0,95,95,100.0,6387.158796892717,256.0658788210675,14.759387016296387,0.0041014025919139385,243.7086262033499,0.0,0.0,0.0,0.0
263.0,317.25,95,95,100.0,8595.33395524619,842.876227188774,14.782754898071289,0.13582897186279297,95.74629810706725,0.0,0.0,0.0,0.0
219.25,63.0,95,80,84.21052631578948,4359.944989801451,2138.646643061937,12.301692822105005,5.337352410474594,171.60580663633502,0.0,0.0,0.0,0.0
218.75,41.25,95,91,95.78947368421052,5632.149814248021,1327.577759019652,13.893289997703151,2.9214672309173713,213.7454918614901,0.0,0.0,0.0,0.0
158.5,379.5,95,95,100.0,9559.27175644737,973.3500213560256,14.589073181152344,0.09611781686544418,213.44300636244026,0.0,0.0,0.0,0.0
52.5,338.5,95,32,33.68421052631579,1373.756068291098,1938.7545073894976,4.740661661248458,6.6522975682825995,96.0155108970372,0.0,0.0,0.0,0.0
368.25,84.25,95,95,100.0,4578.988202158435,231.78046753682307,14.576940536499023,0.1968013048171997,163.1089725494509,0.0,0.0,0.0,0.0
368.25,62.25,95,94,98.94736842105263,4426.11790286568,535.1436618192411,14.316144401148746,1.4821314592548862,182.13551716299793,0.0,0.0,0.0,0.0
390.25,40.25,95,90,94.73684210526316,4726.475173415381,1449.7834769139495,13.792970707542018,3.2584841851996353,200.32161768979802,0.0,0.0,0.0,0.0
158.25,421.25,95,95,100.0,10129.778266942469,464.9965198878027,14.756025314331055,0.15222756564617157,243.16204658131747,0.0,0.0,0.0,0.0
95.0,359.0,95,65,68.42105263157895,4034.9875048954873,2787.9647824708486,10.005607223510742,6.798195109292994,174.2312722697158,0.0,0.0,0.0,0.0
156.75,169.75,95,94,98.94736842105263,8811.451232149433,1407.788831438288,14.640341628225226,1.5184762779676377,175.8617020226169,0.0,0.0,0.0,0.0
410.0,296.5,95,95,100.0,11015.557009035898,278.3469670268021,14.579696655273438,0.09448081254959106,106.29787751291575,0.0,0.0,0.0,0.0
73.0,422.5,95,93,97.89473684210526,4576.330650619936,964.828016234211,14.224855272393478,2.0862142498277443,300.6412985229556,0.0,0.0,0.0,0.0
410.0,338.5,95,95,100.0,9176.566073476282,185.49040839225344,14.534297943115234,0.0017597040859982371,133.42135477964612,0.0,0.0,0.0,0.0
158.0,296.5,95,95,100.0,6530.583784540582,421.86589168526524,14.529128074645996,0.007878690026700497,171.56838028899472,0.0,0.0,0.0,0.0
116.0,296.5,95,95,100.0,5525.981699121182,173.44846300958585,14.5341157913208,0.002475323621183634,211.6832648938804,0.0,0.0,0.0,0.0
410.0,275.5,95,95,100.0,8354.316691703216,189.7376640929284,14.694354057312012,0.11394233256578445,96.68773720833406,0.0,0.0,0.0,0.0
263.0,275.5,95,95,100.0,5256.1486719663735,131.5906831493767,14.770488739013672,0.0346098467707634,67.02189575245232,0.0,0.0,0.0,0.0
94.5,254.0,95,28,29.473684210526315,1876.3120382699638,2938.7531613729047,4.298375039351614,6.650226298373382,66.60887653774262,0.0,0.0,0.0,0.0
135.5,149.0,95,94,98.94736842105263,6171.584442852725,1521.4059964885641,14.329641281931023,1.483167410596372,203.61287734430027,0.0,0.0,0.0,0.0
240.5,63.0,95,85,89.47368421052632,5591.2273950053695,2016.0123990231866,13.062147662514134,4.482920141071593,173.5624575122329,0.0,0.0,0.0,0.0
154.5,41.0,95,58,61.05263157894737,2911.8549259445863,2360.7083337443305,8.906806433828253,7.11555618733281,158.17202032227283,0.0,0.0,0.0,0.0
305.25,337.75,95,95,100.0,9829.699489522749,1469.2771272588677,14.43408203125,0.12726500630378723,98.92849089345425,0.0,0.0,0.0,0.0
495.0,297.0,95,95,100.0,14465.70011966095,1017.4148183783996,14.70871353149414,0.18455210328102112,183.95236518668577,0.0,0.0,0.0,0.0
347.25,379.75,95,95,100.0,13539.883540959281,689.519383906852,14.428789138793945,0.15656597912311554,142.2039229347807,0.0,0.0,0.0,0.0
263.25,337.75,95,95,100.0,13065.569604568693,1751.3232102348845,14.746956825256348,0.1390346884727478,112.93578648399345,0.0,0.0,0.0,0.0
516.25,296.75,95,95,100.0,11035.787129884367,1580.9354719916446,14.532365798950195,0.046218372881412506,204.3323165823379,0.0,0.0,0.0,0.0
346.75,254.25,95,91,95.78947368421052,7337.69867636446,1630.8663275824754,13.89526347110146,2.913700393572409,29.041965811234245,0.0,0.0,0.0,0.0
136.75,254.25,95,95,100.0,6267.074623430787,102.18308399676764,14.52249526977539,0.03467118740081787,183.79797628941728,0.0,0.0,0.0,0.0
304.75,149.25,95,95,100.0,7363.109053278431,1836.5507722897325,14.465912818908691,0.10943864285945892,92.05012066268364,0.0,0.0,0.0,0.0
389.25,422.0,95,95,100.0,8060.338158044344,311.3323675281721,14.32742691040039,0.12059814482927322,194.75629171049246,0.0,0.0,0.0,0.0
431.0,380.5,95,94,98.94736842105263,8800.010735029302,1226.748505384733,14.262816599795693,1.4918771675784435,177.1939670897966,0.0,0.0,0.0,0.0
431.25,338.75,95,95,100.0,6523.848519815941,249.6982742743252,14.511799812316895,0.03708502650260925,148.74433109555122,0.0,0.0,0.0,0.0
431.25,317.75,95,95,100.0,6983.858331348996,1012.2444984462388,14.35908031463623,0.18460999429225922,135.4576065878642,0.0,0.0,0.0,0.0
200.25,296.0,95,95,100.0,6015.336824780468,364.49543696950633,14.281538963317871,0.07954590767621994,132.2169066425683,0.0,0.0,0.0,0.0
73.0,275.0,95,46,48.421052631578945,1654.643402716677,1712.4535990309466,6.909925069307026,7.131988256114742,120.69575209849471,0.0,0.0,0.0,0.0
453.25,233.75,95,94,98.94736842105263,12771.632438716702,2719.0015810659434,14.378403081391987,1.4830337337767392,131.79961464901797,0.0,0.0,0.0,0.0
389.25,233.75,95,81,85.26315789473684,6270.453074914802,2640.8671338103118,12.289803946645636,5.111335226318219,59.216523687738665,0.0,0.0,0.0,0.0
178.25,212.0,95,95,100.0,5018.457369850023,520.057037482619,14.471172332763672,0.18599767982959747,144.36829235711915,0.0,0.0,0.0,0.0
431.25,191.25,95,94,98.94736842105263,8201.243977462173,871.8729179379009,14.389623160111277,1.48602115271017,120.22593263035652,0.0,0.0,0.0,0.0
410.25,191.25,95,95,100.0,4691.588012579598,104.65855250257265,14.618773460388184,0.1381356567144394,102.59990554747347,0.0,0.0,0.0,0.0
220.0,191.5,95,94,98.94736842105263,5581.593433064359,759.4508716135377,14.289011292708548,1.4807291621222602,109.92732281891233,0.0,0.0,0.0,0.0
178.25,191.75,95,95,100.0,4232.723323488616,434.082594681751,14.556933403015137,0.09425749629735947,149.8080806169004,0.0,0.0,0.0,0.0
93.5,191.0,95,83,87.36842105263158,3791.6162633210165,1466.6570464026008,12.423356307180304,4.7308733169023105,202.5925521690625,0.0,0.0,0.0,0.0
283.25,149.25,95,95,100.0,5918.347165929987,1006.7602974385362,14.889004707336426,0.14714163541793823,97.69712267846494,0.0,0.0,0.0,0.0
347.25,127.75,95,95,100.0,4119.170047917676,227.40316610377195,14.51633071899414,0.025892479345202446,115.54971044081499,0.0,0.0,0.0,0.0
347.25,84.75,95,67,70.52631578947368,2922.1673664733257,1901.8443889725575,10.183515508551347,6.5847318215617,111.19752882573871,0.0,0.0,0.0,0.0
200.75,337.75,95,95,100.0,9111.415097456871,402.78144862531667,14.516875267028809,0.002475182292982936,154.20902085871867,0.0,0.0,0.0,0.0
179.25,337.75,95,95,100.0,8870.321837049767,653.218758214067,14.51850700378418,0.025141526013612747,171.3492762159666,0.0,0.0,0.0,0.0
158.25,337.75,95,95,100.0,5866.902105881635,960.2335861774984,14.503629684448242,0.007028658874332905,188.9258038062751,0.0,0.0,0.0,0.0
494.75,317.0,95,95,100.0,11076.751745061067,737.5787546007139,14.535351753234863,0.2415834218263626,191.0725694750793,0.0,0.0,0.0,0.0
452.75,296.75,95,95,100.0,11956.817170630282,349.1551943008275,14.5502290725708,0.08285528421401978,144.35806011953437,0.0,0.0,0.0,0.0
325.75,296.25,95,56,58.94736842105263,5678.037847176671,4760.067022097594,8.328791909468801,6.95129092597127,33.342839530083175,0.0,0.0,0.0,0.0
283.75,296.25,95,46,48.421052631578945,5126.501697540147,5375.5514486697275,7.0279488412957445,7.253503099749994,32.40915154454516,0.0,0.0,0.0,0.0
452.75,275.25,95,95,100.0,11585.076891869887,512.3472663178205,14.460315704345703,0.17816345393657684,137.33832376884308,0.0,0.0,0.0,0.0
473.75,233.25,95,95,100.0,12097.961146895612,1141.9504042437825,14.506543159484863,0.0755145475268364,154.04701936019453,0.0,0.0,0.0,0.0
283.75,233.25,95,90,94.73684210526316,10905.20701315405,2584.839531370249,13.295907572696084,3.1350894955749613,34.93240405677222,0.0,0.0,0.0,0.0
178.75,233.25,95,95,100.0,7540.058027252258,330.93166151883923,14.472102165222168,0.17291714251041412,141.46314654648376,0.0,0.0,0.0,0.0
114.75,190.75,95,73,76.84210526315789,4312.41162372449,2730.1923571160455,11.030117717542147,6.060407220728076,162.00825214002518,0.0,0.0,0.0,0.0
389.75,169.75,95,95,100.0,9499.570526731646,263.2120317743495,14.547691345214844,0.08008870482444763,98.97335102767599,0.0,0.0,0.0,0.0
283.75,169.75,95,95,100.0,11845.853115217671,316.05000866080115,14.542614936828613,0.0739862471818924,79.07480189837169,0.0,0.0,0.0,0.0
452.75,422.5,95,95,100.0,15369.609900821895,740.1262345466033,14.334157943725586,0.13821499049663544,225.6921273075516,0.0,0.0,0.0,0.0
325.75,421.25,95,95,100.0,13147.700864091445,654.4710992773454,14.523944854736328,0.042497988790273666,181.36265170695862,0.0,0.0,0.0,0.0
179.75,421.75,95,95,100.0,8549.804183587008,439.09930298142535,14.626667022705078,0.17101137340068817,229.67549595005283,0.0,0.0,0.0,0.0
137.25,421.75,95,95,100.0,7284.408195721247,295.55912429156064,14.490400314331055,0.07764209806919098,257.71349697703147,0.0,0.0,0.0,0.0
389.25,380.25,95,95,100.0,7600.644322731709,952.4457030473739,14.428214073181152,0.12943635880947113,156.3824965991104,0.0,0.0,0.0,0.0
137.75,379.75,95,95,100.0,8805.150831864847,193.09089801894206,14.458870887756348,0.10326981544494629,229.7111115035832,0.0,0.0,0.0,0.0
221.25,337.75,95,95,100.0,9804.619750196654,620.3252053749264,14.523943901062012,0.11302990466356277,138.92784642288856,0.0,0.0,0.0,0.0
537.75,297.0,95,57,60.0,7138.808941259632,5935.091988512023,8.655035089191637,7.068654842396879,134.97878035374967,0.0,0.0,0.0,0.0
473.75,296.75,95,95,100.0,12091.67799308642,421.0466048953469,14.641593933105469,0.12547406554222107,163.83982048856367,0.0,0.0,0.0,0.0
367.75,233.25,95,95,100.0,10449.768606405962,232.7959522189317,14.405573844909668,0.17103594541549683,48.14844354384417,0.0,0.0,0.0,0.0
325.75,233.25,95,94,98.94736842105263,10143.684683852489,1070.982777709519,13.756495525962428,1.4286042668916987,8.68754912587718,0.0,0.0,0.0,0.0
199.75,233.25,95,95,100.0,10817.87236595192,175.7768733851316,14.51723861694336,1.9073486328125e-06,120.43930006438924,0.0,0.0,0.0,0.0
431.5,212.0,95,95,100.0,9620.120954525915,899.7987653272563,14.504722595214844,0.026966242119669914,114.92620962283539,0.0,0.0,0.0,0.0
305.25,212.25,95,95,100.0,5449.834019773345,2176.703255075506,14.370390892028809,0.13852566480636597,31.527898368667547,0.0,0.0,0.0,0.0
262.75,212.25,95,94,98.94736842105263,5508.61673229311,882.6255368107269,14.488832232826635,1.4998320763353385,62.91767659430006,0.0,0.0,0.0,0.0
241.75,212.25,95,95,100.0,8566.015000717667,394.41957842012636,14.513419151306152,0.0766158252954483,83.06061857803361,0.0,0.0,0.0,0.0
220.75,212.25,95,95,100.0,4938.740392239858,235.81146577679283,14.293193817138672,0.06328345835208893,103.40154160624054,0.0,0.0,0.0,0.0
325.75,191.25,95,94,98.94736842105263,7401.390842163608,931.3329945781393,14.398151718942742,1.5155398875712507,48.55686465833214,0.0,0.0,0.0,0.0
220.25,169.75,95,95,100.0,7781.791465366045,345.2740999309957,14.514697074890137,0.06675661355257034,122.00486402142984,0.0,0.0,0.0,0.0
199.75,169.75,95,95,100.0,7079.530269721111,1267.3652206296263,14.589735984802246,0.12037814408540726,139.39037021999263,0.0,0.0,0.0,0.0
178.25,169.75,95,95,100.0,7767.74998959845,920.539723007718,14.424442291259766,0.1605404168367386,158.34997600531503,0.0,0.0,0.0,0.0
283.75,84.75,95,95,100.0,5481.553110271976,580.5210034839749,14.541345596313477,0.07455692440271378,159.4252891627398,0.0,0.0,0.0,0.0
240.75,84.75,95,93,97.89473684210526,6618.80962564695,2014.0154232520363,13.921008280703896,2.0513799410963545,170.67103393482296,0.0,0.0,0.0,0.0
176.75,84.75,95,54,56.8421052631579,3131.1223906305645,2862.1801219630165,8.000763220536081,6.971998718698259,120.1167452233716,0.0,0.0,0.0,0.0
347.75,62.75,95,93,97.89473684210526,4843.319960030103,831.9528045405833,14.242159200969494,2.0969758004593104,175.56869614233537,0.0,0.0,0.0,0.0
94.75,422.0,95,93,97.89473684210526,5011.8247696048165,880.775215760588,14.122249472768683,2.079889247045361,283.7759604219508,0.0,0.0,0.0,0.0
347.5,421.5,95,95,100.0,10358.735727466816,742.7253049199056,14.683086395263672,0.11643654108047485,183.5316631308794,0.0,0.0,0.0,0.0
242.0,421.5,95,95,100.0,11266.831160909682,837.6847429009425,14.52193546295166,0.07170386612415314,197.54370694487844,0.0,0.0,0.0,0.0
221.0,421.5,95,87,91.57894736842105,9028.784399331662,2744.8557974527903,13.276409651103773,4.026003181426348,189.33666267549557,0.0,0.0,0.0,0.0
367.5,380.0,95,94,98.94736842105263,14599.743723594702,1535.7985465752838,14.347368421052632,1.4798180617376167,146.28239868899126,0.0,0.0,0.0,0.0
284.0,379.5,95,95,100.0,14563.766796276404,237.10416980063266,14.5,0.0,144.0702953422391,0.0,0.0,0.0,0.0
242.0,379.5,95,95,100.0,12872.18895497156,663.9493892122548,14.51359748840332,0.05768286809325218,159.81927267220445,0.0,0.0,0.0,0.0
221.0,379.5,95,95,100.0,11469.110784961347,301.7922870258708,14.500181198120117,0.0017596033867448568,171.05982706864535,0.0,0.0,0.0,0.0
389.0,359.5,95,95,100.0,9318.84496184658,1978.0561045757318,14.520984649658203,0.025143109261989594,137.8123703180124,0.0,0.0,0.0,0.0
242.0,358.5,95,95,100.0,9391.755933066286,763.9497123851143,14.606267929077148,0.12733891606330872,141.93819322756423,0.0,0.0,0.0,0.0
242.0,337.5,95,95,100.0,11562.665350685707,1201.7167640355199,14.539883613586426,0.10969485342502594,124.83385531550073,0.0,0.0,0.0,0.0
367.5,317.0,95,95,100.0,9608.52921160043,164.21545978164158,14.5,0.0,90.47237147328461,0.0,0.0,0.0,0.0
325.75,317.0,95,75,78.94736842105263,7503.177042367825,3877.1785625900857,11.257039622256631,5.813110264612927,60.958731385528075,0.0,0.0,0.0,0.0
200.5,317.0,95,95,100.0,5454.108129371047,95.82021342783133,14.5,0.0,142.15924169747106,0.0,0.0,0.0,0.0
305.0,296.5,64,19,29.6875,1709.3746062200805,2647.236780335199,4.303345158696175,6.622779721735181,17.375791251583088,0.0,0.0,0.0,0.0
367.5,275.25,95,95,100.0,8729.230146827385,228.9413556556803,14.313092231750488,0.0951639711856842,59.17825853483389,0.0,0.0,0.0,0.0
495.5,212.0,95,88,92.63157894736842,11477.710798541628,3462.1521494963395,13.496313948380319,3.808096506513376,164.67728911351037,0.0,0.0,0.0,0.0
410.5,212.0,95,95,100.0,6647.557393218497,497.9471786502507,14.514504432678223,0.05759739503264427,94.73232112369894,0.0,0.0,0.0,0.0
367.5,191.0,95,94,98.94736842105263,7335.89345388657,903.2977597102703,14.406659236707185,1.4923908401890733,67.44491540511771,0.0,0.0,0.0,0.0
347.0,191.5,95,95,100.0,4008.1749266168335,142.73140215491958,14.482029914855957,0.07332590967416763,55.51438735711751,0.0,0.0,0.0,0.0
262.5,170.0,95,95,100.0,7994.570073798253,1477.3396810550817,14.541521072387695,0.08668386191129684,90.62852998862142,0.0,0.0,0.0,0.0
241.5,170.0,95,95,100.0,7816.20530423413,1379.6007696347572,14.50707721710205,0.008481588214635849,105.16918030427371,0.0,0.0,0.0,0.0
305.0,169.5,95,95,100.0,10183.422407730952,1416.9336647782843,14.485495567321777,0.13653388619422913,72.04172745720216,0.0,0.0,0.0,0.0
220.0,149.5,95,95,100.0,6210.244452602015,909.8455171839536,14.480399131774902,0.10083232074975967,134.91511888301062,0.0,0.0,0.0,0.0
137.5,338.0,95,95,100.0,6571.9474282669635,417.51256070972295,14.495469093322754,0.034820377826690674,207.14648169616166,0.0,0.0,0.0,0.0
179.5,317.0,95,95,100.0,5315.491489112199,1239.3357507297085,14.277897834777832,0.17340046167373657,160.3017582081985,0.0,0.0,0.0,0.0
158.5,317.0,95,95,100.0,4287.81825408387,375.29345180818234,14.497828483581543,0.024768229573965073,178.92174813482887,0.0,0.0,0.0,0.0
137.5,317.0,95,95,100.0,5171.166235827664,173.00294300325544,14.329882621765137,0.15596701204776764,198.15176847368838,0.0,0.0,0.0,0.0
179.0,296.25,95,48,50.526315789473685,2809.9720570473805,2782.5365775775504,7.214656227513363,7.139265116782277,76.69563222448569,0.0,0.0,0.0,0.0
305.0,275.0,95,95,100.0,5354.775824081238,634.2057483100357,14.289876937866211,0.23088255524635315,38.301428872871526,0.0,0.0,0.0,0.0
242.0,275.5,95,95,100.0,7799.078981400591,1633.3783376666513,14.468276023864746,0.08733595907688141,85.71573407820804,0.0,0.0,0.0,0.0
200.0,275.5,95,95,100.0,5146.805986644919,647.9434755952374,14.420429229736328,0.11502111703157425,124.94530702487931,0.0,0.0,0.0,0.0
179.0,275.5,95,95,100.0,4609.372219510681,117.22951732744124,14.484954833984375,0.05871615186333656,145.3900838935454,0.0,0.0,0.0,0.0
137.0,275.5,95,91,95.78947368421052,3514.460350357456,774.1466508994322,13.837768233449836,2.9045100760331324,178.54646940619094,0.0,0.0,0.0,0.0
347.0,233.25,95,27,28.42105263157895,1953.47967132116,3101.9220424208033,4.052534264012387,6.431307422369342,7.909852634408618,0.0,0.0,0.0,0.0
389.5,212.0,95,95,100.0,6034.184202737485,706.1886934949806,14.550935745239258,0.11881536990404129,74.84908712405762,0.0,0.0,0.0,0.0
305.0,191.5,95,95,100.0,5051.7098064338425,1908.8904291333347,14.464831352233887,0.0969606563448906,50.85725360564954,0.0,0.0,0.0,0.0
136.0,191.5,95,95,100.0,5033.5450228201325,953.7312103732389,14.493828773498535,0.08956830948591232,190.4591618276635,0.0,0.0,0.0,0.0
135.5,170.0,95,95,100.0,8354.320818443995,895.0830958914603,14.48425579071045,0.086447574198246,197.2592949501757,0.0,0.0,0.0,0.0
73.5,338.25,95,88,92.63157894736842,4421.972914615009,1501.6668664445363,13.243880563033255,3.7354546494971927,245.80803164992219,0.0,0.0,0.0,0.0
220.5,275.25,95,95,100.0,8051.44042146781,1289.136163278278,14.27920150756836,0.10035883635282516,105.32930417180664,0.0,0.0,0.0,0.0
94.5,275.25,95,78,82.10526315789474,4669.587573853151,2187.9906405758425,11.686036099885639,5.456264278488551,187.40153008920706,0.0,0.0,0.0,0.0
283.75,212.5,95,95,100.0,9841.963083961755,827.6075392679558,14.324366569519043,0.1378275454044342,45.72823177130762,0.0,0.0,0.0,0.0
136.25,211.75,95,95,100.0,4452.8190427433665,340.8563113314381,14.22848892211914,0.08298282325267792,185.95776293138763,0.0,0.0,0.0,0.0
431.5,296.75,95,95,100.0,9475.17786905783,281.2308682960864,14.420805931091309,0.13273991644382477,124.95146158631854,0.0,0.0,0.0,0.0
136.25,233.25,95,75,78.94736842105263,5054.639845382769,2622.472003558211,11.094563775313528,5.729899645111232,145.01399918081833,0.0,0.0,0.0,0.0
367.75,422.0,95,95,100.0,13314.944194505313,643.0488082999403,14.40266227722168,0.1253988891839981,188.14618185163602,0.0,0.0,0.0,0.0
284.0,337.75,95,95,100.0,12556.088626486851,804.077568885228,14.320952415466309,0.10462065786123276,104.1047835171189,0.0,0.0,0.0,0.0
367.75,212.0,95,95,100.0,9678.39040230099,270.5827534861354,14.40121078491211,0.11876025795936584,55.227877461924166,0.0,0.0,0.0,0.0
325.75,212.0,95,95,100.0,9335.684226840116,492.1054856154978,14.36507797241211,0.11880074441432953,28.494905943307757,0.0,0.0,0.0,0.0
347.0,169.75,95,95,100.0,8993.63393361499,493.84758934350504,14.340624809265137,0.15467891097068787,75.40666832218709,0.0,0.0,0.0,0.0
134.0,84.25,35,5,14.285714285714286,487.99389633948823,1196.730764957316,2.0369881221226285,4.989581511310545,34.656937492030806,0.0,0.0,0.0,0.0
304.75,63.0,95,93,97.89473684210526,5304.293951465327,1057.4145041704617,14.080208386872943,2.074910664737311,173.9137035914045,0.0,0.0,0.0,0.0
389.25,317.0,95,91,95.78947368421052,5680.690165292002,1548.7283235406142,13.646342528493781,2.8647050826149796,99.18838962759698,0.0,0.0,0.0,0.0
305.25,316.75,95,95,100.0,5327.55569566774,105.060838313469,14.050898551940918,0.0828084722161293,78.1850150829032,0.0,0.0,0.0,0.0
283.75,316.75,95,95,100.0,11700.970740422485,619.9117166296102,14.04348373413086,0.07452897727489471,84.89910564303116,0.0,0.0,0.0,0.0
242.25,316.75,95,95,100.0,8005.42990551695,2045.9547166794011,14.028031349182129,0.07050690799951553,109.46624340117104,0.0,0.0,0.0,0.0
221.25,316.75,95,95,100.0,6890.612018815726,2604.726456475528,14.073626518249512,0.10500290989875793,125.18000596195442,0.0,0.0,0.0,0.0
347.0,338.0,95,86,90.52631578947368,7077.071580574371,2666.9402294612923,12.703014173005757,4.110151170836723,92.00779622863062,0.0,0.0,0.0,0.0
347.0,212.0,95,66,69.47368421052632,4949.606931324911,3794.9577495231993,9.775373719867908,6.480494862711429,26.99011122577447,0.0,0.0,0.0,0.0
520.75,38.75,94,61,64.8936170212766,2195.356226036312,1693.6057144506713,9.962428519066345,7.329915522073067,184.5945617537294,0.0,0.0,0.0,0.0
609.5,37.5,94,73,77.65957446808511,2365.7297863680956,1538.8259697030107,12.007792543857656,6.441121854308696,274.3315878302636,0.0,0.0,0.0,0.0
561.75,147.5,94,66,70.2127659574468,5870.525169687816,3901.972906134383,10.486078921784745,6.833719064549261,181.78972389573423,0.0,0.0,0.0,0.0
262.75,254.0,94,60,63.829787234042556,4746.907649383114,3623.5899626488153,9.512148207806526,7.164509331437404,37.7295634003911,0.0,0.0,0.0,0.0
605.25,211.5,59,19,32.20338983050848,2940.24667019774,4276.249954887211,4.901374946206303,7.1119763966144305,92.28929118577582,0.0,0.0,0.0,0.0
559.75,275.5,77,25,32.467532467532465,2798.6683046346398,4071.7134446125024,4.842000812679142,6.983605394927852,78.69677111561452,0.0,0.0,0.0,0.0
603.0,339.25,94,71,75.53191489361703,4722.203482487852,2708.179870568886,11.408803939819336,6.494846069727769,226.35100780075328,0.0,0.0,0.0,0.0
431.25,254.25,94,38,40.42553191489362,4036.935422361767,4971.460539368481,5.968171292162956,7.248528021038016,45.34527365005214,0.0,0.0,0.0,0.0
220.75,254.25,94,79,84.04255319148936,6424.4898178445965,3012.8646003157146,12.504074228570817,5.451023226831108,84.45978271221547,0.0,0.0,0.0,0.0
115.25,254.25,94,74,78.72340425531915,6520.50174109637,3394.2006570158005,11.819815148698522,6.144881185907188,161.5649089713049,0.0,0.0,0.0,0.0
580.75,339.25,94,73,77.65957446808511,4753.346119797815,2607.7722650624382,11.595824505420442,6.222400528145054,216.601642484445,0.0,0.0,0.0,0.0
603.25,317.75,94,68,72.34042553191489,9462.490103182234,5943.1074432682035,10.826303887874522,6.695558449033393,212.46999414555614,0.0,0.0,0.0,0.0
495.5,233.25,94,77,81.91489361702128,8084.271461799155,3809.9026220467117,11.685199534639398,5.490668677166665,143.87224606068702,0.0,0.0,0.0,0.0
389.5,127.5,94,43,45.744680851063826,2697.4291416863675,2940.2392792389196,6.694837935427402,7.294323353071583,60.55894451548762,0.0,0.0,0.0,0.0
325.75,41.0,94,69,73.40425531914893,3865.7587121410165,2345.7341088156013,10.50956951303685,6.3297794838228265,146.01239751594503,0.0,0.0,0.0,0.0
73.5,359.5,94,58,61.702127659574465,3524.294170025611,2966.262562947739,9.149000157701208,7.210353587813326,169.07767586058068,0.0,0.0,0.0,0.0
197.5,41.25,94,61,64.8936170212766,4097.827831246416,3104.4270622376757,9.384799977566333,6.904716526431346,151.68679591473975,0.0,0.0,0.0,0.0
452.25,317.0,94,78,82.97872340425532,7283.878579179064,3312.979562573877,11.824350133855292,5.355782314431281,126.99870525823673,0.0,0.0,0.0,0.0
431.75,233.5,94,40,42.5531914893617,4620.466247613687,5371.15441354332,6.1293100702001695,7.123212454099537,47.554582168715015,0.0,0.0,0.0,0.0
305.0,254.0,94,64,68.08510638297872,4979.487189889696,3537.196097566548,9.898914276285375,6.780501646789309,14.08808578330304,0.0,0.0,0.0,0.0
70.25,127.25,71,10,14.084507042253522,632.0301786712338,1574.095998255387,2.045076115030638,5.05107103446341,38.59774651498811,0.0,0.0,0.0,0.0
91.25,83.75,13,1,7.6923076923076925,328.4115122972266,1137.6508501786552,1.0783019432654748,3.7353475032721106,21.30930638152116,0.0,0.0,0.0,0.0
92.5,149.0,78,16,20.512820512820515,1407.326062157502,2777.492583081167,2.977891897543883,5.8620642463794725,50.26095114321459,0.0,0.0,0.0,0.0
94.75,380.25,94,73,77.65957446808511,4802.001123321831,2656.672591304834,11.137595907170722,5.974644782971351,206.0503000306222,0.0,0.0,0.0,0.0
241.75,233.25,94,73,77.65957446808511,8751.448481375877,4736.444019238686,10.905330708686341,5.85700561933058,61.0974089293952,0.0,0.0,0.0,0.0
95.25,338.0,94,53,56.38297872340426,2194.584699003921,1973.5241214141447,8.063369750976562,7.092730714523685,138.27925935971527,0.0,0.0,0.0,0.0
389.0,296.5,94,56,59.57446808510638,5840.640881649456,5099.018224299483,8.57815205797236,7.06722741799819,53.08968470107266,0.0,0.0,0.0,0.0
346.75,275.0,94,33,35.1063829787234,2570.773570946109,3942.921979738324,5.005789959684331,6.805821751085418,15.5395661274988,0.0,0.0,0.0,0.0
389.0,338.5,94,94,100.0,7068.356187636012,831.7645392692726,14.385817527770996,0.15985913574695587,120.1631163371924,0.0,0.0,0.0,0.0
137.25,296.5,94,52,55.319148936170215,2854.2759337293733,2581.16349939837,7.891972409917953,7.094142189009747,105.85144366760886,0.0,0.0,0.0,0.0
543.0,38.25,93,25,26.881720430107528,1018.6005671838501,1689.09822984703,4.004987070637364,6.605870946120928,80.76099002485172,0.0,0.0,0.0,0.0
112.0,62.25,64,15,23.4375,1081.5131833553314,1955.3281086021323,3.5691168010234833,6.4509493937402285,64.13438005211117,0.0,0.0,0.0,0.0
51.25,254.25,86,18,20.930232558139537,1229.4533644218347,2390.2292369930638,3.1430347797482514,6.108961534845916,56.329016972211626,0.0,0.0,0.0,0.0
495.5,254.5,93,45,48.38709677419355,3288.0248267946035,3410.2517929235087,7.258244319628644,7.4962826954516,85.20580318650518,0.0,0.0,0.0,0.0
177.5,127.5,93,82,88.17204301075269,5945.600329391493,2187.817890095403,12.805073420206705,4.70100123164081,160.0413777992953,0.0,0.0,0.0,0.0
48.0,105.25,93,52,55.913978494623656,2640.475716711921,2494.7256415308516,8.346452036211568,7.412421098497512,169.67787544509355,0.0,0.0,0.0,0.0
325.5,254.25,93,78,83.87096774193549,7339.81556727848,3268.5570706373596,11.9924497912007,5.259723966619285,12.817436490842088,0.0,0.0,0.0,0.0
283.75,254.25,90,25,27.77777777777778,2358.124842985284,3896.2244614960687,4.000073772006565,6.451231133247601,10.763259122070119,0.0,0.0,0.0,0.0
199.5,191.25,91,37,40.65934065934066,2831.974163925366,3430.0302387940783,5.910480729826204,7.141854824351375,52.84658184774809,0.0,0.0,0.0,0.0
389.0,275.5,93,71,76.34408602150538,6984.777144245111,4349.103517567316,11.02565082426994,6.138547179858087,59.17611136855608,0.0,0.0,0.0,0.0
51.0,233.5,93,19,20.43010752688172,769.0831605698363,1520.365567708553,2.9594089138892388,5.840679764618371,54.94571089276449,0.0,0.0,0.0,0.0
72.0,191.0,37,6,16.216216216216218,445.41593577751013,1021.721575884996,2.2982612816063135,5.224248704577696,40.98845782862617,0.0,0.0,0.0,0.0
498.5,39.5,92,74,80.43478260869566,3038.9349455889505,1557.9194648726095,11.94239854812622,5.896616118446254,216.1995338296824,0.0,0.0,0.0,0.0
94.75,296.5,92,40,43.47826086956522,2793.7156350259875,3349.0271389844165,6.189056023307469,7.057073647237853,100.94432205913624,0.0,0.0,0.0,0.0
221.0,296.25,92,60,65.21739130434783,4001.6321682200096,3018.4651323723783,9.304909332938816,6.795448164581394,74.26400612581439,0.0,0.0,0.0,0.0
47.75,83.5,91,37,40.65934065934066,1704.9871303215302,2063.217913510211,5.976793781741635,7.220840080103586,127.69566462597243,0.0,0.0,0.0,0.0
453.0,401.5,47,8,17.02127659574468,2293.6335758747314,5121.9640331895325,2.506204645684425,5.5339007183276845,35.58754671677597,0.0,0.0,0.0,0.0
92.0,127.25,74,17,22.972972972972972,693.1440582337439,1269.8911746545634,3.2824458560428105,6.01076300016907,58.42842342873424,0.0,0.0,0.0,0.0
241.75,296.25,91,35,38.46153846153846,3865.697181356725,4984.479092606768,5.517642932933765,6.980571703405924,37.017141471802944,0.0,0.0,0.0,0.0
72.5,233.5,89,23,25.84269662921348,1303.583865057567,2209.880619427234,3.643421323111888,6.172430338483046,63.99107974622105,0.0,0.0,0.0,0.0
305.0,233.25,85,25,29.41176470588235,2028.6151679338402,3144.8486919199513,4.193799074958353,6.497005589861508,4.837877691057641,0.0,0.0,0.0,0.0
52.25,359.25,58,6,10.344827586206897,667.563154269104,2000.488007633751,1.5489988327026367,4.560234276680797,30.315105917906155,0.0,0.0,0.0,0.0
50.75,212.25,54,5,9.25925925925926,443.08387713109937,1389.0770246890295,1.297956042819553,4.063245120971608,25.06261448974804,0.0,0.0,0.0,0.0
473.75,254.5,19,2,10.526315789473685,1170.933934243015,3413.83616012845,1.5408191680908203,4.4923914596356775,16.254798946908238,0.0,0.0,0.0,0.0
452.5,254.25,63,9,14.285714285714286,1754.7619035077405,4301.29938305359,2.0394510541643416,4.995614438083894,19.03772436452403,0.0,0.0,0.0,0.0
73.0,254.25,13,1,7.6923076923076925,197.86084772370484,685.4100821722112,1.0968397580660307,3.7995643774638403,19.031593555307918,0.0,0.0,0.0,0.0
135.0,127.75,74,23,31.08108108108108,1075.8902399378971,1606.8117510032262,4.489306295240247,6.68651678110337,67.2517359952886,0.0,0.0,0.0,0.0
95.25,317.0,38,4,10.526315789473685,370.6525659293323,1115.2007985211162,1.5013966811330695,4.377286594451464,25.01192135820797,0.0,0.0,0.0,0.0
113.25,127.0,42,4,9.523809523809524,483.4021044643607,1492.5486059655466,1.3584025927952357,4.186878616277163,22.433851214557905,0.0,0.0,0.0,0.0
133.0,40.75,13,1,7.6923076923076925,311.45867957439384,1078.92451496233,1.0968397580660307,3.7995643774638403,21.019793785126218,0.0,0.0,0.0,0.0
73.5,296.75,83,30,36.144578313253014,1949.85779332113,2594.6837360076784,5.159456586263266,6.858363411182944,91.41355068876217,0.0,0.0,0.0,0.0
602.5,360.75,81,14,17.28395061728395,934.325657578875,2044.2786225791751,2.637241128050251,5.769301340600362,53.100508107610324,0.0,0.0,0.0,0.0
94.0,233.25,79,19,24.050632911392405,975.4619288728148,1734.5780153352594,3.432411435284192,6.0996123191843195,54.37857576590994,0.0,0.0,0.0,0.0
52.0,380.75,80,17,21.25,663.1313243190586,1277.2366471486405,3.133963668346405,6.033438393624984,64.31337122148423,0.0,0.0,0.0,0.0
154.75,62.5,45,4,8.88888888888889,517.6281295473251,1658.561223603166,1.2801238377888997,4.0989006394040315,21.549376575280196,0.0,0.0,0.0,0.0
477.0,39.5,39,5,12.820512820512821,496.0685211894587,1294.0478110708705,1.9312883034730568,5.03630320042218,32.65314554784662,0.0,0.0,0.0,0.0
388.75,254.5,22,2,9.090909090909092,534.142993197279,1689.1712572652848,1.2962112426757812,4.098979855572717,6.387495855637412,0.0,0.0,0.0,0.0
67.75,40.0,14,2,14.285714285714286,602.9998759920635,1483.2503901861228,2.110795157296317,5.170371086913733,45.98803360325246,0.0,0.0,0.0,0.0
72.75,254.25,64,10,15.625,390.561776856576,908.2039336722709,2.2015880346298218,5.116214210577721,38.68934930938461,0.0,0.0,0.0,0.0
48.75,127.0,28,3,10.714285714285714,617.1481125992062,1781.5696017687324,1.5830963679722376,4.5700055710094505,31.483516550939246,0.0,0.0,0.0,0.0
519.75,83.25,25,2,8.0,262.6726986111111,890.7962708180194,1.2013793182373047,4.074075485593732,20.312853073854495,0.0,0.0,0.0,0.0
90.0,61.75,12,1,8.333333333333334,317.9422549293155,1054.495164600064,1.2299097379048665,4.0791491266347935,24.24886344701999,0.0,0.0,0.0,0.0
133.25,62.25,12,1,8.333333333333334,412.17812355324077,1367.0401826188495,1.212421178817749,4.021146138018864,21.484914765946826,0.0,0.0,0.0,0.0
346.75,296.5,15,2,13.333333333333334,833.4543204837489,2125.079063950076,1.901149368286133,4.846998864782715,8.327127303841943,0.0,0.0,0.0,0.0
537.75,297.25,13,1,7.6923076923076925,799.8448531813865,2770.7438477652613,1.1167108095609224,3.8683997190417814,17.319248278916312,0.0,0.0,0.0,0.0
473.75,254.25,51,11,21.568627450980394,2386.199135124667,4551.655356519697,3.1264424043543197,5.961978626723239,33.29901097918852,0.0,0.0,0.0,0.0
346.75,317.0,13,1,7.6923076923076925,886.7811198325484,3071.899909485597,1.0968397580660307,3.7995643774638403,6.270321990920601,0.0,0.0,0.0,0.0
111.5,40.25,17,2,11.764705882352942,486.106887436456,1331.2591319649916,1.7362733728745405,4.754980461594821,33.96972242339479,0.0,0.0,0.0,0.0
494.75,359.5,48,6,12.5,1520.8087164030349,4030.5495522125825,1.850172221660614,4.895213916014654,26.465714400953846,0.0,0.0,0.0,0.0
50.75,212.0,13,1,7.6923076923076925,359.0717669631955,1243.8610878875731,1.0968397580660307,3.7995643774638403,20.82322930523085,0.0,0.0,0.0,0.0
605.0,211.75,30,5,16.666666666666668,1541.5919872196503,3451.5119056701706,2.526318105061849,5.649607834091238,47.725314873687374,0.0,0.0,0.0,0.0
72.0,212.0,21,2,9.523809523809524,328.90975202131386,1023.9507368700689,1.3456627073742093,4.147803430798349,23.76777884357382,0.0,0.0,0.0,0.0
133.75,84.5,13,1,7.6923076923076925,377.06697967711295,1306.198333314602,1.0982186244084284,3.8043409105876003,18.66384545636121,0.0,0.0,0.0,0.0
452.75,401.5,24,3,12.5,1790.6777514403293,4738.178139633342,1.8447904586791992,4.8808567746899385,26.132119992692896,0.0,0.0,0.0,0.0
72.0,191.25,36,8,22.22222222222222,668.7340721169421,1287.1792549238112,3.1403750313652887,5.8757055137454675,56.17662859035007,0.0,0.0,0.0,0.0
347.0,296.25,24,2,8.333333333333334,501.30676114890406,1665.433417937999,1.1882430712382,3.9409564270366513,5.199534233948268,0.0,0.0,0.0,0.0
389.0,254.5,19,2,10.526315789473685,1064.638354349415,3104.015156397179,1.5299455743086965,4.460519522762738,7.421799141251048,0.0,0.0,0.0,0.0
69.75,105.5,35,5,14.285714285714286,691.0911988712523,1694.201022786347,2.1014438901628765,5.147594293687211,40.582964346418485,0.0,0.0,0.0,0.0
52.0,296.5,13,1,7.6923076923076925,433.049648622982,1500.1279872297089,1.0810353205754206,3.7448162000262752,21.068534265455547,0.0,0.0,0.0,0.0
111.25,40.25,13,1,7.6923076923076925,293.92153311965814,1018.1740576035729,1.1551324404202974,4.001496152557969,22.224862803338493,0.0,0.0,0.0,0.0
346.75,316.75,13,1,7.6923076923076925,870.3204325832897,3014.878416199163,1.0783019432654748,3.7353475032721106,6.2521593902763,0.0,0.0,0.0,0.0
305.25,296.75,31,15,48.38709677419355,2952.8990586204377,3058.314875011525,7.001687634375788,7.231542686431716,28.281680853913457,0.0,0.0,0.0,0.0
112.0,62.0,12,2,16.666666666666668,744.0052388509115,1663.9464856586799,2.5256458123524985,5.6477302551172,45.614180497937845,0.0,0.0,0.0,0.0
70.0,127.0,12,2,16.666666666666668,601.2102600328326,1386.4693151362314,2.398062547047933,5.362491318890457,45.716754345573946,0.0,0.0,0.0,0.0
476.25,39.0,12,2,16.666666666666668,866.4774807343659,1961.2837551525313,2.52430788675944,5.644770464827265,42.436932003483655,0.0,0.0,0.0,0.0
559.75,275.75,16,6,37.5,2860.635973307292,3695.6801045663015,5.63127064704895,7.269939144669083,90.90028233248233,0.0,0.0,0.0,0.0
389.25,254.0,15,3,20.0,1858.2382858796295,3750.067971138167,2.939040756225586,5.878301232957137,14.10761239932428,0.0,0.0,0.0,0.0
47.0,61.25,11,1,9.090909090909092,435.0548232323233,1375.764148456079,1.3431859449906782,4.247526907296175,29.664872303118557,0.0,0.0,0.0,0.0
262.5,191.0,11,1,9.090909090909092,542.5199257884972,1715.598641517172,1.3181818181818181,4.168456915676499,6.8678493993317025,0.0,0.0,0.0,0.0
134.0,84.0,11,3,27.272727272727273,1025.0911105957534,1679.819871788963,3.8652576099742544,6.312261080565398,66.17784225255984,0.0,0.0,0.0,0.0
90.0,62.0,8,1,12.5,474.97998046875,1256.678906054629,1.875,4.960783708246107,36.354160697229695,0.0,0.0,0.0,0.0
51.75,275.5,5,1,20.0,836.9103644444446,1673.820728888889,2.9516647338867186,5.903329467773436,54.11776510536997,0.0,0.0,0.0,0.0
111.75,62.25,2,1,50.0,2153.0817794799805,2153.0817794799805,7.5241851806640625,7.5241851806640625,136.89697312212567,0.0,0.0,0.0,0.0
476.75,39.5,1,1,100.0,4474.174933333334,0.0,14.758323669433594,0.0,254.50110510565568,0.0,0.0,0.0,0.0
155.0,62.25,1,1,100.0,4755.905113998725,0.0,14.277435302734375,0.0,242.52847770931973,0.0,0.0,0.0,0.0
